date,username,to,replies,retweets,favorites,text,geo,mentions,hashtags,id,permalink
2019-12-12 22:25:42,BorisJohnson,,11481,14650,87288,"Thank you to everyone across our great country who voted, who volunteered, who stood as candidates. We live in the greatest democracy in the world.",,,,1205252415261421570,https://twitter.com/BorisJohnson/status/1205252415261421570
2019-12-12 20:10:17,BorisJohnson,,1919,974,6730,"Out campaigning in South Ruislip! Polls close at 10pm - vote Conservative to #GetBrexitDone ",,,#GetBrexitDone,1205218335358693377,https://twitter.com/BorisJohnson/status/1205218335358693377
2019-12-12 19:44:00,BorisJohnson,,1849,2452,19005,"Let’s not go back to the broken parliament we had before this election was called. Let’s move forward with a majority Conservative government that can get things done.",,,,1205211719343190016,https://twitter.com/BorisJohnson/status/1205211719343190016
2019-12-12 19:05:00,BorisJohnson,,1846,2483,21348,"Vote Conservative to get Brexit done! ",,,,1205201904499707904,https://twitter.com/BorisJohnson/status/1205201904499707904
2019-12-12 17:32:00,BorisJohnson,,1006,1633,7856,"You have until 10pm tonight to vote to get Brexit done!",,,,1205178500337942528,https://twitter.com/BorisJohnson/status/1205178500337942528
2019-12-12 17:07:00,BorisJohnson,,407,336,1776,"We will get Brexit done so that we can get on with delivering on your priorities.",,,,1205172208760324096,https://twitter.com/BorisJohnson/status/1205172208760324096
2019-12-12 16:30:00,BorisJohnson,,497,652,3249,"Vote Conservative TODAY to get Brexit done",,,,1205162898340876290,https://twitter.com/BorisJohnson/status/1205162898340876290
2019-12-12 16:02:00,BorisJohnson,,365,419,2100,"Today at the ballot box you have the opportunity to tell politicians that you want Brexit done. Vote Conservative.",,,,1205155851121524752,https://twitter.com/BorisJohnson/status/1205155851121524752
2019-12-12 15:10:00,BorisJohnson,,481,668,3275,"Let's get it done ",,,,1205142764628791297,https://twitter.com/BorisJohnson/status/1205142764628791297
2019-12-12 14:30:00,BorisJohnson,,1734,2309,16119,"We are a great country, and we can be greater still. Vote today to get Brexit done. Vote Conservative.",,,,1205132700417449985,https://twitter.com/BorisJohnson/status/1205132700417449985
2019-12-12 14:03:00,BorisJohnson,,383,429,2240,"Together we can get Brexit done.",,,,1205125904176996358,https://twitter.com/BorisJohnson/status/1205125904176996358
2019-12-12 13:40:00,BorisJohnson,,489,592,2929,"Back me to get Brexit done. Vote Conservative today.",,,,1205120115437686785,https://twitter.com/BorisJohnson/status/1205120115437686785
2019-12-12 13:16:00,BorisJohnson,,571,515,2681,"Let’s finally get Brexit done.",,,,1205114075811696640,https://twitter.com/BorisJohnson/status/1205114075811696640
2019-12-12 13:03:00,BorisJohnson,,1536,2116,14678,"Vote Conservative today to get Brexit done!",,,,1205110804405719041,https://twitter.com/BorisJohnson/status/1205110804405719041
2019-12-12 12:24:00,BorisJohnson,,613,800,3903,"Let’s get it done #VoteConservative",,,#VoteConservative,1205100989344169984,https://twitter.com/BorisJohnson/status/1205100989344169984
2019-12-12 12:20:00,BorisJohnson,,336,497,2191,"Back me to get Brexit done - vote Conservative TODAY.",,,,1205099982807810048,https://twitter.com/BorisJohnson/status/1205099982807810048
2019-12-12 11:04:00,BorisJohnson,,2085,1854,11987,"Vote to get Brexit done and unleash Britain’s potential. Vote Conservative.",,,,1205080857104568326,https://twitter.com/BorisJohnson/status/1205080857104568326
2019-12-12 10:41:39,BorisJohnson,BorisJohnson,393,693,4402,"#DogsAtPollingStations",,,#DogsAtPollingStations,1205075235172765696,https://twitter.com/BorisJohnson/status/1205075235172765696
2019-12-12 10:03:00,BorisJohnson,,989,1509,9089,"We must respect the result of the EU referendum. #VoteConservative",,,#VoteConservative,1205065506002104320,https://twitter.com/BorisJohnson/status/1205065506002104320
2019-12-12 09:59:04,BorisJohnson,,867,1522,7366,"Folks, today is the day. Vote Conservative to get Brexit done ",,,,1205064515404083200,https://twitter.com/BorisJohnson/status/1205064515404083200
2019-12-12 09:20:00,BorisJohnson,,335,408,1742,"Back me to get Brexit done. Vote Conservative today.",,,,1205054684433534977,https://twitter.com/BorisJohnson/status/1205054684433534977
2019-12-12 08:46:00,BorisJohnson,,1138,1601,6195,"This is what we’re going to do.",,,,1205046128070332417,https://twitter.com/BorisJohnson/status/1205046128070332417
2019-12-12 08:03:00,BorisJohnson,,543,690,2805,"This election is our chance to get Brexit done. Vote Conservative today.",,,,1205035306761605120,https://twitter.com/BorisJohnson/status/1205035306761605120
2019-12-12 07:30:00,BorisJohnson,,520,826,4109,"We will respect the result of the EU referendum.",,,,1205027001850970113,https://twitter.com/BorisJohnson/status/1205027001850970113
2019-12-12 07:02:00,BorisJohnson,,647,1147,4909,"Let’s get it done.",,,,1205019955445547009,https://twitter.com/BorisJohnson/status/1205019955445547009
2019-12-12 06:45:00,BorisJohnson,,3543,4614,28903,"Today is our chance to get Brexit done. Vote Conservative.",,,,1205015677272125442,https://twitter.com/BorisJohnson/status/1205015677272125442
2019-12-12 00:00:33,BorisJohnson,,492,758,2879,"The British Tamil community is one of many communities whose contribution make this country the best place in the world to live.",,,,1204913894331957249,https://twitter.com/BorisJohnson/status/1204913894331957249
2019-12-11 23:36:55,BorisJohnson,,942,1898,8156,"We’ve got 24 hours to break the deadlock in parliament. Let’s get Brexit done and take this incredible country forwards. Vote Conservative! ",,,,1204907949241589760,https://twitter.com/BorisJohnson/status/1204907949241589760
2019-12-11 21:20:00,BorisJohnson,,661,650,2629,"Back me to get Brexit done. Vote Conservative tomorrow.",,,,1204873490546991110,https://twitter.com/BorisJohnson/status/1204873490546991110
2019-12-11 21:11:52,BorisJohnson,,839,1170,5154,"Tomorrow, let’s unleash Britain’s potential! Vote Conservative to get Brexit done ",,,,1204871446004142083,https://twitter.com/BorisJohnson/status/1204871446004142083
2019-12-11 20:53:00,BorisJohnson,,788,1028,4183,"Back me to get Brexit done. Vote Conservative tomorrow.",,,,1204866695615205376,https://twitter.com/BorisJohnson/status/1204866695615205376
2019-12-11 20:09:33,BorisJohnson,,636,753,2664,"Join me live for our final campaign rally. TOMORROW: Vote Conservative to break the gridlock and get Brexit done!",,,,1204855764235350016,https://twitter.com/BorisJohnson/status/1204855764235350016
2019-12-11 20:03:00,BorisJohnson,,1599,2137,10682,"If there’s a Conservative majority government, we can deliver the change people voted for. We can get Brexit done. We can make a decisive break with the dither and indecision of the last three and a half years. We can unleash Britain’s potential.",,,,1204854112971571202,https://twitter.com/BorisJohnson/status/1204854112971571202
2019-12-11 19:32:00,BorisJohnson,,472,481,1977,"The only way for us to move forward now is to get Brexit done.",,,,1204846311528423426,https://twitter.com/BorisJohnson/status/1204846311528423426
2019-12-11 18:26:00,BorisJohnson,,482,396,1674,"Let’s get Brexit done and get to work on the things that matter to you.",,,,1204829701740515328,https://twitter.com/BorisJohnson/status/1204829701740515328
2019-12-11 18:18:00,BorisJohnson,,415,568,2335,"Let's get it done.",,,,1204827688550031360,https://twitter.com/BorisJohnson/status/1204827688550031360
2019-12-11 17:59:00,BorisJohnson,,828,1365,6383,"Today I’ve been in Wales, where the message is clear: we need to get Brexit done and move this country forward.",,,,1204822907324715010,https://twitter.com/BorisJohnson/status/1204822907324715010
2019-12-11 17:18:00,BorisJohnson,,698,938,3666,"The only way we can get Brexit done is with a majority Conservative government.",,,,1204812589554790400,https://twitter.com/BorisJohnson/status/1204812589554790400
2019-12-11 16:58:00,BorisJohnson,,571,778,3471,"Back me to get Brexit done. Vote Conservative tomorrow.",,,,1204807556062953473,https://twitter.com/BorisJohnson/status/1204807556062953473
2019-12-11 16:40:00,BorisJohnson,,591,632,2603,"Vote Conservative to get Brexit done.",,,,1204803026101264384,https://twitter.com/BorisJohnson/status/1204803026101264384
2019-12-11 16:14:46,BorisJohnson,,320,800,2848,"Had a fantastic weekend with @patel4witham visiting both @NeasdenTemple and @ISKCON_Manor - thank you to all those who stopped to say hello.",,@patel4witham @NeasdenTemple @ISKCON_Manor,,1204796676365570050,https://twitter.com/BorisJohnson/status/1204796676365570050
2019-12-11 15:18:00,BorisJohnson,,540,531,1932,"Let's get this done ",,,,1204782390125715460,https://twitter.com/BorisJohnson/status/1204782390125715460
2019-12-11 14:30:00,BorisJohnson,,1021,1131,5696,"Let’s get Brexit done and get on with spreading opportunity and hope across the whole UK and let’s unleash the potential of this country.",,,,1204770310488240129,https://twitter.com/BorisJohnson/status/1204770310488240129
2019-12-11 14:03:00,BorisJohnson,,1544,1318,5956,"We’ve got the deal. It’s oven ready. Vote Conservative tomorrow to get Brexit done ",,,,1204763516256710658,https://twitter.com/BorisJohnson/status/1204763516256710658
2019-12-11 13:27:00,BorisJohnson,,564,715,2441,"Tomorrow, vote to end the uncertainty. Vote to get Brexit done and unleash Britain’s potential. Vote Conservative.",,,,1204754456283361280,https://twitter.com/BorisJohnson/status/1204754456283361280
2019-12-11 13:06:00,BorisJohnson,,575,653,2608,"Let’s get Brexit done.",,,,1204749171305205763,https://twitter.com/BorisJohnson/status/1204749171305205763
2019-12-11 12:07:00,BorisJohnson,,599,512,2118,"Tomorrow, let’s finally get this done.",,,,1204734323443634176,https://twitter.com/BorisJohnson/status/1204734323443634176
2019-12-11 11:06:00,BorisJohnson,,770,693,2894,"Tomorrow is our chance to get Brexit done.",,,,1204718972152582145,https://twitter.com/BorisJohnson/status/1204718972152582145
2019-12-11 10:33:00,BorisJohnson,,3390,2510,12851,"We have one more day. Make sure you have your voice heard. Vote to honour the promises of the past and for a brighter vision of the future. Vote Conservative tomorrow.",,,,1204710667569131520,https://twitter.com/BorisJohnson/status/1204710667569131520
2019-12-11 10:09:00,BorisJohnson,,653,556,3582,"Getting breakfast done!",,,,1204704627595325440,https://twitter.com/BorisJohnson/status/1204704627595325440
2019-12-11 10:03:00,BorisJohnson,,919,1104,4132,"My pledge to you: Get Brexit Done by 31 January 2020 Invest record sums in our NHS, with 50,000 more nurses and 40 new hospitals 20,000 more police and tougher sentences. An Australian-style points-based immigration system",,,,1204703117893390336,https://twitter.com/BorisJohnson/status/1204703117893390336
2019-12-11 09:25:18,BorisJohnson,,1561,1598,8321,"Tomorrow let’s get this done! ",,,,1204693633036886016,https://twitter.com/BorisJohnson/status/1204693633036886016
2019-12-11 09:04:00,BorisJohnson,,663,570,2443,"We’re a great country and we can be greater still. Let’s get Brexit done.",,,,1204688270128340993,https://twitter.com/BorisJohnson/status/1204688270128340993
2019-12-11 08:15:11,BorisJohnson,,5424,3066,16114,"Good morning folks! Up early delivering groceries in Leeds - and we’ll deliver more if you vote Conservative tomorrow ",,,,1204675985137905664,https://twitter.com/BorisJohnson/status/1204675985137905664
2019-12-11 07:27:00,BorisJohnson,,595,591,2684,"Let’s get Brexit done, break the deadlock in Parliament and move this country forward.",,,,1204663859073691648,https://twitter.com/BorisJohnson/status/1204663859073691648
2019-12-10 21:15:00,BorisJohnson,,822,631,3129,"We’ve got two days to unleash Britain’s potential.",,,,1204509844490850305,https://twitter.com/BorisJohnson/status/1204509844490850305
2019-12-10 20:45:00,BorisJohnson,,497,470,2561,"We can do this!",,,,1204502294668152833,https://twitter.com/BorisJohnson/status/1204502294668152833
2019-12-10 19:15:00,BorisJohnson,,738,760,4057,"Let’s break the deadlock and get Brexit done!",,,,1204479645388886016,https://twitter.com/BorisJohnson/status/1204479645388886016
2019-12-10 18:41:00,BorisJohnson,,489,398,1721,"We have two days to get Brexit done.",,,,1204471088903647233,https://twitter.com/BorisJohnson/status/1204471088903647233
2019-12-10 18:15:00,BorisJohnson,,1101,1183,5468,"If there is a Conservative majority we can smash through the gridlock and get this country moving again.",,,,1204464545806204930,https://twitter.com/BorisJohnson/status/1204464545806204930
2019-12-10 18:03:00,BorisJohnson,,1078,1077,6808,"There are only two more days to go. Let’s get Brexit done!",,,,1204461526616133637,https://twitter.com/BorisJohnson/status/1204461526616133637
2019-12-10 17:36:00,BorisJohnson,,1350,2437,9166,"Break the gridlock. Get Brexit done. ",,,,1204454731193688065,https://twitter.com/BorisJohnson/status/1204454731193688065
2019-12-10 17:05:00,BorisJohnson,,361,296,1533,"Let’s get it done.",,,,1204446930031407105,https://twitter.com/BorisJohnson/status/1204446930031407105
2019-12-10 15:33:00,BorisJohnson,,434,240,991,"The only way we can bring our country together now is to get Brexit done and move on.",,,,1204423777095835649,https://twitter.com/BorisJohnson/status/1204423777095835649
2019-12-10 13:25:00,BorisJohnson,,1716,1609,8026,"We’re having this election because Parliament couldn’t get anything done. Only the Conservatives can get Brexit done and get Parliament working again, on the issues that matter to you.",,,,1204391564832911362,https://twitter.com/BorisJohnson/status/1204391564832911362
2019-12-10 12:26:00,BorisJohnson,,1093,671,2861,"We must respect the result of the EU Referendum. Back me to get Brexit done by voting Conservative on Thursday.",,,,1204376717118210048,https://twitter.com/BorisJohnson/status/1204376717118210048
2019-12-10 12:05:00,BorisJohnson,,511,408,1994,"Only two more days to go. Let’s get Brexit done.",,,,1204371432647598081,https://twitter.com/BorisJohnson/status/1204371432647598081
2019-12-10 11:14:12,BorisJohnson,,2459,2975,10420,"Jonathan Ashworth is saying what hundreds of Labour candidates and millions of voters are thinking. Jeremy Corbyn is unfit to be PM because he is blocking Brexit. Only a vote for @Conservatives will break the deadlock &amp; #GetBrexitDone so we can focus on the people’s priorities.",,@Conservatives,#GetBrexitDone,1204358650128740352,https://twitter.com/BorisJohnson/status/1204358650128740352
2019-12-10 11:09:00,BorisJohnson,,359,364,1734,"Vote Conservative to get Brexit done.",,,,1204357339253362689,https://twitter.com/BorisJohnson/status/1204357339253362689
2019-12-10 11:03:00,BorisJohnson,,967,1475,8061,"2 days to go! Let’s do this.",,,,1204355829584891905,https://twitter.com/BorisJohnson/status/1204355829584891905
2019-12-10 10:24:00,BorisJohnson,,1045,1000,5659,"Let’s get Brexit done. Let’s get on with the country’s priorities and unleash the potential of the whole of the UK.",,,,1204346014636756992,https://twitter.com/BorisJohnson/status/1204346014636756992
2019-12-10 09:17:13,BorisJohnson,,350,880,3179,"It was a pleasure this weekend to return to the breathtaking @NeasdenTemple with my good friend @patel4witham",,@NeasdenTemple @patel4witham,,1204329210963210240,https://twitter.com/BorisJohnson/status/1204329210963210240
2019-12-10 08:35:00,BorisJohnson,,556,479,2136,"We have 2 days to get Brexit done and unleash Britain’s potential.",,,,1204318584056487936,https://twitter.com/BorisJohnson/status/1204318584056487936
2019-12-10 07:04:00,BorisJohnson,,1775,1307,9110,"Let's get Brexit done!",,,,1204295683219443712,https://twitter.com/BorisJohnson/status/1204295683219443712
2019-12-09 21:36:51,BorisJohnson,,8846,13810,40282,"Brexit, actually.",,,,1204152954934177792,https://twitter.com/BorisJohnson/status/1204152954934177792
2019-12-09 20:30:00,BorisJohnson,,1175,1503,7185,"Thank you so much for all of your support so far. Just 3 days to go. Let’s get Brexit done!",,,,1204136131761016832,https://twitter.com/BorisJohnson/status/1204136131761016832
2019-12-09 20:03:00,BorisJohnson,,837,506,3610,"We’re ready to get this done.",,,,1204129337055694848,https://twitter.com/BorisJohnson/status/1204129337055694848
2019-12-09 19:10:00,BorisJohnson,,861,768,3865,"Back me to get Brexit done. Vote Conservative this Thursday.",,,,1204115999227883522,https://twitter.com/BorisJohnson/status/1204115999227883522
2019-12-09 18:44:35,BorisJohnson,,181,386,2030,"Devastating scenes in New Zealand. I’ve been in contact with Prime Minister @jacindaardern to express our deepest sympathies. There are many people still feared missing, and my heart goes out to all those affected and their families.",,@jacindaardern,,1204109605456023553,https://twitter.com/BorisJohnson/status/1204109605456023553
2019-12-09 16:44:00,BorisJohnson,,801,640,2958,"Let's get Brexit done.",,,,1204079257154015233,https://twitter.com/BorisJohnson/status/1204079257154015233
2019-12-09 15:04:00,BorisJohnson,,608,283,1415,"We’ve got 3 days to get Brexit done.",,,,1204054091481042944,https://twitter.com/BorisJohnson/status/1204054091481042944
2019-12-09 14:48:10,BorisJohnson,,672,1901,9432,"We mourn the passing of Maurice Mounsdon. We should never forget that it was thanks to the bravery of this tiny band of pilots that Britain - and the rest of Europe - was safe from tyranny.",,,,1204050105730584576,https://twitter.com/BorisJohnson/status/1204050105730584576
2019-12-09 14:03:00,BorisJohnson,,1471,1812,9314,"When we leave the EU, we will implement an Australian style, points-based immigration system.",,,,1204038740340903936,https://twitter.com/BorisJohnson/status/1204038740340903936
2019-12-09 13:30:00,BorisJohnson,,504,490,2287,"Let’s get it done folks. Vote Conservative on Thursday.",,,,1204030436092956672,https://twitter.com/BorisJohnson/status/1204030436092956672
2019-12-09 13:10:00,BorisJohnson,,544,368,1530,"Let’s get Brexit done and deliver on the priorities of the British people.",,,,1204025402303373313,https://twitter.com/BorisJohnson/status/1204025402303373313
2019-12-09 12:03:00,BorisJohnson,,561,410,1711,"We will get Brexit done, invest in our NHS, schools and police, and cut taxes for you and your family.",,,,1204008541285040133,https://twitter.com/BorisJohnson/status/1204008541285040133
2019-12-09 10:55:00,BorisJohnson,,472,432,1826,"I want a future where Brexit is done and we’re focusing on the issues that matter to you and your family.",,,,1203991428080123904,https://twitter.com/BorisJohnson/status/1203991428080123904
2019-12-09 10:30:00,BorisJohnson,,509,531,1700,"Our NHS will never be on the table for any trade negotiations. We’re investing more than ever before - and when we leave the EU, we will introduce an Australian style, points-based immigration system so the NHS can plan for the future.",,,,1203985136640876544,https://twitter.com/BorisJohnson/status/1203985136640876544
2019-12-09 10:15:49,BorisJohnson,,822,1213,5417,"Let's get Brexit done and take back control of our fishing waters.",,,,1203981568055947264,https://twitter.com/BorisJohnson/status/1203981568055947264
2019-12-09 10:07:00,BorisJohnson,,377,435,1771,"Let’s get Brexit done and get on with making this country the best place in the world to live.",,,,1203979348610404353,https://twitter.com/BorisJohnson/status/1203979348610404353
2019-12-09 09:39:00,BorisJohnson,,979,1152,4915,"We will get Brexit done and get Parliament working on your priorities: the NHS, the cost of living, 20,000 more police officers, more cash for our schools. Let’s get it done and move on. Vote Conservative on Thursday.",,,,1203972302175490048,https://twitter.com/BorisJohnson/status/1203972302175490048
2019-12-09 09:05:00,BorisJohnson,,359,379,1589,"The only way to move this country forward is with a majority Conservative government. We will pass the Brexit deal and get Parliament working for you again.",,,,1203963745984106497,https://twitter.com/BorisJohnson/status/1203963745984106497
2019-12-09 08:51:00,BorisJohnson,,526,726,3292,"At Grimsby Fish Market this morning. Our new Brexit deal means we will take back control of our fishing waters and support our fantastic fishing industries.",,,,1203960224178151425,https://twitter.com/BorisJohnson/status/1203960224178151425
2019-12-09 08:04:00,BorisJohnson,,517,572,2661,"We’ve got 3 days to get Brexit done! Let’s do it.",,,,1203948394894561280,https://twitter.com/BorisJohnson/status/1203948394894561280
2019-12-08 21:05:00,BorisJohnson,,2423,1457,10603,"Let's get Brexit done!",,,,1203782552286375937,https://twitter.com/BorisJohnson/status/1203782552286375937
2019-12-08 20:05:00,BorisJohnson,,608,408,1847,"I want us to get this thing done, so that we can get Parliament working on the issues that matter to you and your family.",,,,1203767452523323392,https://twitter.com/BorisJohnson/status/1203767452523323392
2019-12-08 19:04:00,BorisJohnson,,1238,604,3224,"I want us to get Brexit done so that we can focus our hearts and minds on the priorities of the British people.",,,,1203752101714833409,https://twitter.com/BorisJohnson/status/1203752101714833409
2019-12-08 18:23:00,BorisJohnson,,796,1092,4590,"Let's end the chaos and uncertainty. Let's get Brexit done with a one nation Conservative Government and take this country forwards.",,,,1203741783219261440,https://twitter.com/BorisJohnson/status/1203741783219261440
2019-12-08 17:36:00,BorisJohnson,,1226,1230,7382,"We live in a great country, and we can make it greater still. Together we’ll end the uncertainty and get Brexit done.",,,,1203729955290406912,https://twitter.com/BorisJohnson/status/1203729955290406912
2019-12-08 15:16:00,BorisJohnson,,554,507,2341,"4 days to go folks!",,,,1203694723233390593,https://twitter.com/BorisJohnson/status/1203694723233390593
2019-12-08 14:07:00,BorisJohnson,,426,438,2057,"It’s time for our country to move forward.",,,,1203677358965829632,https://twitter.com/BorisJohnson/status/1203677358965829632
2019-12-08 13:13:00,BorisJohnson,,925,882,5399,"4 days to go - let's get Brexit done!",,,,1203663769634836480,https://twitter.com/BorisJohnson/status/1203663769634836480
2019-12-08 12:30:29,BorisJohnson,,2564,923,7478,"Team selfie! Let’s get Brexit done ",,,,1203653072427343874,https://twitter.com/BorisJohnson/status/1203653072427343874
2019-12-08 12:26:04,BorisJohnson,,459,540,2171,"End the uncertainty. Avoid another hung parliament. #VoteConservative",,,#VoteConservative,1203651959850491908,https://twitter.com/BorisJohnson/status/1203651959850491908
2019-12-08 12:19:00,BorisJohnson,,2230,1898,9464,"We can’t afford another chaotic hung parliament – with Jeremy Corbyn in charge of nothing except more arguments. So let’s get Brexit done. Let’s get on with the country’s priorities and unleash the potential of the whole of the UK.",,,,1203650179628318722,https://twitter.com/BorisJohnson/status/1203650179628318722
2019-12-08 11:06:00,BorisJohnson,,502,404,1746,"I want a future where Brexit is done and we’re focusing on the issues that matter to you and your family.",,,,1203631808660656131,https://twitter.com/BorisJohnson/status/1203631808660656131
2019-12-08 10:05:00,BorisJohnson,,603,629,2929,"We must respect the result of the EU Referendum. Back me to get Brexit done by voting Conservative on December 12th.",,,,1203616457688522752,https://twitter.com/BorisJohnson/status/1203616457688522752
2019-12-08 09:49:19,BorisJohnson,,1480,3305,13318,"This week I visited a wonderful bakery in North London, where the message was clear - let’s get on with it and get Brexit done!",,,,1203612512366866434,https://twitter.com/BorisJohnson/status/1203612512366866434
2019-12-08 09:30:00,BorisJohnson,,579,757,3900,"Under my leadership, a majority Conservative government will implement an Australian style, points based immigration system.",,,,1203607649511714816,https://twitter.com/BorisJohnson/status/1203607649511714816
2019-12-08 08:15:00,BorisJohnson,,579,518,2785,"Let's end the uncertainty and get Brexit done.",,,,1203588775110008834,https://twitter.com/BorisJohnson/status/1203588775110008834
2019-12-07 19:06:00,BorisJohnson,,735,411,1813,"I want us to get this thing done, so that we can get Parliament working on the issues that matter to you and your family.",,,,1203390216645439488,https://twitter.com/BorisJohnson/status/1203390216645439488
2019-12-07 18:36:00,BorisJohnson,,1250,834,4852,"Today I played football with a brilliant team of 10-year-old girls - the future of women's football is bright! We will invest £550 million in grassroots football so more people can play this wonderful sport.",,,,1203382667263303681,https://twitter.com/BorisJohnson/status/1203382667263303681
2019-12-07 18:05:00,BorisJohnson,,478,447,2186,"Together we can get Brexit done.",,,,1203374866189164544,https://twitter.com/BorisJohnson/status/1203374866189164544
2019-12-07 16:35:00,BorisJohnson,,1090,716,3665,"This great country is the home of football. If we win the election next week, I will put my heart and soul behind the case for a UK and Ireland World Cup in 2030.",,,,1203352216339435520,https://twitter.com/BorisJohnson/status/1203352216339435520
2019-12-07 15:05:00,BorisJohnson,,543,478,2158,"We’ll get there folks. Vote Conservative on December 12th and we will get Brexit done.",,,,1203329567320150018,https://twitter.com/BorisJohnson/status/1203329567320150018
2019-12-07 13:01:00,BorisJohnson,,648,469,2137,"We have 5 days to get Brexit done and unleash Britain’s potential.",,,,1203298361559769089,https://twitter.com/BorisJohnson/status/1203298361559769089
2019-12-07 12:34:00,BorisJohnson,,276,275,1172,"We’re cutting taxes for small businesses. #SmallBizSatUK #SmallBusinessSaturday",,,#SmallBizSatUK #SmallBusinessSaturday,1203291566699241472,https://twitter.com/BorisJohnson/status/1203291566699241472
2019-12-07 12:03:00,BorisJohnson,,512,350,1811,"Let’s get Brexit done and get on with making this country the best place in the world to live.",,,,1203283765449113600,https://twitter.com/BorisJohnson/status/1203283765449113600
2019-12-07 11:30:00,BorisJohnson,,522,409,1615," Getting Brexit done and ending the uncertainty Cutting business rates A jobs tax cut Only a majority Conservative government will support our fantastic small businesses who strengthen our economy. #SmallBizSatUK #SmallBusinessSaturday",,,#SmallBizSatUK #SmallBusinessSaturday,1203275460605403137,https://twitter.com/BorisJohnson/status/1203275460605403137
2019-12-07 10:58:00,BorisJohnson,,2787,1069,6283,"It's time the football World Cup came home. I want it to show our national confidence as we get Brexit done: a sign to the world that whilst we are a small country, we’re a great one with a proud history and a strong future.",,,,1203267407373975552,https://twitter.com/BorisJohnson/status/1203267407373975552
2019-12-07 10:35:00,BorisJohnson,,1085,1199,5449,"We will get Brexit done and get Parliament working on your priorities: the NHS, the cost of living, 20,000 more police officers, more cash for our schools. Let’s get it done and move on. Vote Conservative on Thursday.",,,,1203261619364495360,https://twitter.com/BorisJohnson/status/1203261619364495360
2019-12-06 21:26:05,BorisJohnson,,669,407,1684,"We must respect the result of the referendum. #BBCDebate",,,#BBCDebate,1203063083855499265,https://twitter.com/BorisJohnson/status/1203063083855499265
2019-12-06 21:24:54,BorisJohnson,,1334,1775,7708,"We love our NHS. It will never be on the table for any trade negotiations. #BBCDebate",,,#BBCDebate,1203062785321701376,https://twitter.com/BorisJohnson/status/1203062785321701376
2019-12-06 21:17:30,BorisJohnson,,639,807,4488,"As Prime Minister, I will always back our security services, our police and our troops. I will give them the funding and support they need. #BBCDebate",,,#BBCDebate,1203060922106949632,https://twitter.com/BorisJohnson/status/1203060922106949632
2019-12-06 21:11:51,BorisJohnson,,432,717,3555,"We will toughen up sentencing for terrorists – increasing the minimum sentence for serious offenders and ending early release completely #BBCDebate",,,#BBCDebate,1203059502322520066,https://twitter.com/BorisJohnson/status/1203059502322520066
2019-12-06 21:09:58,BorisJohnson,,510,821,3512,"Let's end the chaos and uncertainty. Let's get Brexit done with a one nation Conservative Government and take this country forwards. #BBCDebate",,,#BBCDebate,1203059027284045824,https://twitter.com/BorisJohnson/status/1203059027284045824
2019-12-06 21:03:08,BorisJohnson,,695,1076,5285,"If you work hard to provide for your family and pay your taxes, you should be able to keep a bit more of what you earn. A Conservative government will keep your taxes low - not take more away. #BBCDebate",,,#BBCDebate,1203057308135235585,https://twitter.com/BorisJohnson/status/1203057308135235585
2019-12-06 21:01:07,BorisJohnson,,137,158,600,"We can only invest in our great public services if we support the entrepreneurs, businesses and hardworking people who get up each day and keep our economy strong. #BBCDebate",,,#BBCDebate,1203056798145634304,https://twitter.com/BorisJohnson/status/1203056798145634304
2019-12-06 20:58:01,BorisJohnson,,754,339,1459,"I believe very passionately in our NHS - it's one of the most incredible things about this country. It will never be on the table for any trade negotiations. #BBCDebate",,,#BBCDebate,1203056021884882945,https://twitter.com/BorisJohnson/status/1203056021884882945
2019-12-06 20:52:36,BorisJohnson,,469,183,764,"We’re investing more in our NHS than ever before and will deliver 50,000 more nurses over the next five years #BBCDebate",,,#BBCDebate,1203054658819940352,https://twitter.com/BorisJohnson/status/1203054658819940352
2019-12-06 20:48:10,BorisJohnson,,171,279,1006,"When we #GetBrexitDone, we can control immigration and introduce an Australian style, points-based immigration system #BBCDebate",,,#GetBrexitDone #BBCDebate,1203053540962377730,https://twitter.com/BorisJohnson/status/1203053540962377730
2019-12-06 20:43:53,BorisJohnson,,205,190,778,"We got a great new deal for the UK - one that meets all the promises that were made in the referendum. But MPs voted, again, to dither and delay. That’s why we had to have this election - so we can finally #GetBrexitDone",,,#GetBrexitDone,1203052462808145922,https://twitter.com/BorisJohnson/status/1203052462808145922
2019-12-06 20:40:50,BorisJohnson,,152,153,685,"It's time to end the uncertainty and move this country forward #BBCDebate",,,#BBCDebate,1203051695766474752,https://twitter.com/BorisJohnson/status/1203051695766474752
2019-12-06 20:38:51,BorisJohnson,,146,213,714,"Every Conservative candidate at this election is backing my Brexit deal. If we get a majority, we can finally #GetBrexitDone and get on with delivering on your priorities. #BBCDebate",,,#GetBrexitDone #BBCDebate,1203051194664595457,https://twitter.com/BorisJohnson/status/1203051194664595457
2019-12-06 20:35:33,BorisJohnson,,132,205,809,"Let's end the chaos. Let's #GetBrexitDone and take this country forward #BBCDebate",,,#GetBrexitDone #BBCDebate,1203050367338061830,https://twitter.com/BorisJohnson/status/1203050367338061830
2019-12-06 20:33:46,BorisJohnson,,123,138,546,"We will #GetBrexitDone and unleash the potential of this fantastic country #BBCDebate",,,#GetBrexitDone #BBCDebate,1203049916731445248,https://twitter.com/BorisJohnson/status/1203049916731445248
2019-12-06 20:27:53,BorisJohnson,,1971,913,11341,"Folks, handing twitter over to my team. Wish me luck!",,,,1203048437647892481,https://twitter.com/BorisJohnson/status/1203048437647892481
2019-12-06 19:30:00,BorisJohnson,,482,252,1289,"Tune in tonight.",,,,1203033868938469376,https://twitter.com/BorisJohnson/status/1203033868938469376
2019-12-06 19:03:00,BorisJohnson,,2574,836,5766,"We’ve got 6 days to get Brexit done! Let’s do it.",,,,1203027074237247489,https://twitter.com/BorisJohnson/status/1203027074237247489
2019-12-06 18:30:00,BorisJohnson,,1589,1159,7478,"Folks, we have just six days to get Brexit done and move this country forward. Together, we’ll get there.",,,,1203018770815442945,https://twitter.com/BorisJohnson/status/1203018770815442945
2019-12-06 18:30:00,BorisJohnson,,366,336,2092,"Let’s get Brexit done and focus our hearts and minds on the priorities of the British people.",,,,1203018769683091456,https://twitter.com/BorisJohnson/status/1203018769683091456
2019-12-06 17:05:00,BorisJohnson,,610,515,2662,"Let’s get this done.",,,,1202997378699218946,https://twitter.com/BorisJohnson/status/1202997378699218946
2019-12-06 14:30:00,BorisJohnson,,622,954,4377,"Thank you Salisbury! I really enjoyed visiting your delightful Christmas market. 6 days to go.",,,,1202958372711960578,https://twitter.com/BorisJohnson/status/1202958372711960578
2019-12-06 12:59:49,BorisJohnson,,603,414,2068,"We can do it folks - just six days to go! #GetBrexitDone",,,#GetBrexitDone,1202935675244498944,https://twitter.com/BorisJohnson/status/1202935675244498944
2019-12-06 10:42:00,BorisJohnson,,366,255,1053,"We can only invest in our great public services if we support the entrepreneurs, businesses and hardworking people who get up each day to build our strong economy.",,,,1202900993106698240,https://twitter.com/BorisJohnson/status/1202900993106698240
2019-12-06 10:29:46,BorisJohnson,,1033,713,3477,"This morning I made some ‘Get Brexit Done’ donuts at a wonderful bakery in Golders Green, North London. Thank you Grodzinski Bakery & to everyone who stopped by to say hello.",,,,1202897915645235200,https://twitter.com/BorisJohnson/status/1202897915645235200
2019-12-06 10:05:00,BorisJohnson,,450,490,2368,"We need a fair and controlled Australian style points-based immigration system.",,,,1202891683735707648,https://twitter.com/BorisJohnson/status/1202891683735707648
2019-12-06 09:57:14,BorisJohnson,,2244,1160,8567,"We will get Brexit done.",,,,1202889726832889856,https://twitter.com/BorisJohnson/status/1202889726832889856
2019-12-06 09:33:00,BorisJohnson,,1119,869,6702,"Let's get Brexit done ",,,,1202883628700749825,https://twitter.com/BorisJohnson/status/1202883628700749825
2019-12-06 07:11:00,BorisJohnson,,1821,1013,7097,"Let’s get Brexit done and deliver on the priorities of the British people.",,,,1202847893130010624,https://twitter.com/BorisJohnson/status/1202847893130010624
2019-12-05 20:47:00,BorisJohnson,,3850,1481,9291,"Under my leadership, a majority Conservative government will get Brexit done, invest more money in our public services, get tough on crime, back our Armed Forces and strengthen our economy.",,,,1202690858375507968,https://twitter.com/BorisJohnson/status/1202690858375507968
2019-12-05 20:05:00,BorisJohnson,,1367,545,2896,"I want a future where Brexit is done and we’re focusing on the issues that matter to you and your family.",,,,1202680289069273088,https://twitter.com/BorisJohnson/status/1202680289069273088
2019-12-05 19:30:00,BorisJohnson,,767,412,1964,"With a Conservative majority, we can get Brexit done.",,,,1202671480900853760,https://twitter.com/BorisJohnson/status/1202671480900853760
2019-12-05 17:44:00,BorisJohnson,,660,408,1739,"We are a great country. Let’s get Brexit done and get on with delivering on the priorities of the British people.",,,,1202644805244870656,https://twitter.com/BorisJohnson/status/1202644805244870656
2019-12-05 17:17:00,BorisJohnson,,558,436,2041,"We’ve got one week to get Brexit done and unleash Britain’s potential.",,,,1202638010262515712,https://twitter.com/BorisJohnson/status/1202638010262515712
2019-12-05 15:35:00,BorisJohnson,,410,306,1455,"We are a great country. Let’s get Brexit done and get on with delivering on the priorities of the British people.",,,,1202612341302583296,https://twitter.com/BorisJohnson/status/1202612341302583296
2019-12-05 15:16:00,BorisJohnson,,442,374,1624,"One week to go. Let’s get Brexit done.",,,,1202607559611338752,https://twitter.com/BorisJohnson/status/1202607559611338752
2019-12-05 14:03:00,BorisJohnson,,622,482,2462,"We'll get Brexit done, take back control of our borders and invest in our NHS, schools and police.",,,,1202589188874391553,https://twitter.com/BorisJohnson/status/1202589188874391553
2019-12-05 13:34:00,BorisJohnson,,2198,1711,9907,"Folks, every vote is going to count at this election. You can use yours to put an end to the uncertainty and to get Brexit done!",,,,1202581890554724354,https://twitter.com/BorisJohnson/status/1202581890554724354
2019-12-05 12:51:33,BorisJohnson,,794,585,2908,"We can do this.",,,,1202571210086920193,https://twitter.com/BorisJohnson/status/1202571210086920193
2019-12-05 11:54:00,BorisJohnson,,982,984,5531,"If there’s a Conservative majority government, we can deliver the change people voted for. We can get Brexit done. We can make a decisive break with the dither and indecision of the last three and a half years. We can unleash Britain’s potential.",,,,1202556724667924485,https://twitter.com/BorisJohnson/status/1202556724667924485
2019-12-05 11:00:43,BorisJohnson,,3053,820,6469,"Thank you to Phillip and Holly at @thismorning - a good opportunity to talk more about our exciting vision for the country #GetBrexitDone",,@thismorning,#GetBrexitDone,1202543318133092352,https://twitter.com/BorisJohnson/status/1202543318133092352
2019-12-05 10:34:00,BorisJohnson,,624,478,2432,"Back me to get Brexit done by voting Conservative on December 12th.",,,,1202536592176402432,https://twitter.com/BorisJohnson/status/1202536592176402432
2019-12-05 09:28:00,BorisJohnson,,792,928,5091,"The only way we can break the deadlock in parliament - and get Brexit done - is with a majority Conservative government.",,,,1202519982392791040,https://twitter.com/BorisJohnson/status/1202519982392791040
2019-12-05 08:15:00,BorisJohnson,,506,408,2038,"We live in a great country, and we can make it greater still. Together we’ll end the uncertainty and get Brexit done.",,,,1202501611446128640,https://twitter.com/BorisJohnson/status/1202501611446128640
2019-12-05 07:15:00,BorisJohnson,,1349,920,6379,"Let’s get Brexit done so we can focus our hearts and our minds on the priorities of the British people.",,,,1202486512186736640,https://twitter.com/BorisJohnson/status/1202486512186736640
2019-12-04 21:32:00,BorisJohnson,,1246,1227,5070,"This is my pledge to you.",,,,1202339795252285440,https://twitter.com/BorisJohnson/status/1202339795252285440
2019-12-04 20:34:00,BorisJohnson,,705,549,2748,"We’ve got 8 days to get Brexit done and unleash Britain’s potential.",,,,1202325199162462208,https://twitter.com/BorisJohnson/status/1202325199162462208
2019-12-04 19:12:00,BorisJohnson,,563,505,2492,"Folks, it’s time for our country to move on. Let’s get this done so that we can focus on the priorities of the British people: our NHS, schools and police.",,,,1202304563530928129,https://twitter.com/BorisJohnson/status/1202304563530928129
2019-12-04 18:33:03,BorisJohnson,,680,807,5040,"Unleashing Britain's potential! Thanks to the @redbullracing team for showing me how it's done.",,@redbullracing,,1202294760125407249,https://twitter.com/BorisJohnson/status/1202294760125407249
2019-12-04 18:03:00,BorisJohnson,,1521,1061,6743,"We’ve got 8 days to get Brexit done and unleash Britain’s potential!",,,,1202287198944448512,https://twitter.com/BorisJohnson/status/1202287198944448512
2019-12-04 16:35:00,BorisJohnson,,476,448,1992,"8 days to get Brexit done.",,,,1202265052813889537,https://twitter.com/BorisJohnson/status/1202265052813889537
2019-12-04 15:57:00,BorisJohnson,,3547,2522,14199," Getting Brexit done 50,000 more nurses 50 million more GP surgery appointments 20,000 more police Tougher sentencing for criminals An Australian style, points-based immigration system Tackling climate change Lowering your taxes Strengthening our economy",,,,1202255489708576769,https://twitter.com/BorisJohnson/status/1202255489708576769
2019-12-04 14:29:00,BorisJohnson,,832,696,3775,"We’ve got the plan to get Brexit done and invest in our NHS, schools and police. We will get Parliament working again on the issues that matter to you.",,,,1202233343787634688,https://twitter.com/BorisJohnson/status/1202233343787634688
2019-12-04 13:30:00,BorisJohnson,,591,810,3577,"This week I visited the Port of Southampton, where they are looking forward to getting Brexit done.",,,,1202218496563789824,https://twitter.com/BorisJohnson/status/1202218496563789824
2019-12-04 12:30:00,BorisJohnson,,452,374,1808,"We must respect the result of the EU Referendum. #GetBrexitDone",,,#GetBrexitDone,1202203398784708608,https://twitter.com/BorisJohnson/status/1202203398784708608
2019-12-04 12:29:00,BorisJohnson,,321,333,1475,"It’s time for our country to move forward.",,,,1202203144849113090,https://twitter.com/BorisJohnson/status/1202203144849113090
2019-12-04 11:05:00,BorisJohnson,,974,918,5970,"Together we can get Brexit done. Vote Conservative on December 12th.",,,,1202182005745758209,https://twitter.com/BorisJohnson/status/1202182005745758209
2019-12-04 10:30:00,BorisJohnson,,649,564,2767,"Back me to get Brexit done. Vote Conservative on December 12th.",,,,1202173197702946816,https://twitter.com/BorisJohnson/status/1202173197702946816
2019-12-04 09:30:00,BorisJohnson,,575,456,2439,"We are a great country and we can be greater still. Together we can get Brexit done.",,,,1202158098862862338,https://twitter.com/BorisJohnson/status/1202158098862862338
2019-12-04 08:15:00,BorisJohnson,,1055,984,4858,"Let's get Brexit done.",,,,1202139223630827520,https://twitter.com/BorisJohnson/status/1202139223630827520
2019-12-04 07:37:00,BorisJohnson,,4340,2379,13631,"Folks, we’re having this election because Parliament simply wasn’t working - it was stuck in endless dither and delay. The only way we can move forward now is to get Brexit done with a majority Conservative government.",,,,1202129660684824576,https://twitter.com/BorisJohnson/status/1202129660684824576
2019-12-03 19:57:00,BorisJohnson,,2575,1704,10898,"We have 9 days to get Brexit done and unleash the potential of the whole UK!",,,,1201953499761664000,https://twitter.com/BorisJohnson/status/1201953499761664000
2019-12-03 19:30:00,BorisJohnson,,304,503,2098,"This morning I visited Entrain Space Wilton, a hub for veterans. We’ve introduced a new Office for Veterans Affairs to provide lifelong support to military personnel.",,,,1201946706687881216,https://twitter.com/BorisJohnson/status/1201946706687881216
2019-12-03 18:28:00,BorisJohnson,,1338,993,5450,"I love this time of year. All we want for Christmas is to get Brexit done!",,,,1201931102186692609,https://twitter.com/BorisJohnson/status/1201931102186692609
2019-12-03 15:20:00,BorisJohnson,,668,879,4711,"Thank you so much for all your support so far. 9 days to go - we can do this!",,,,1201883790903136256,https://twitter.com/BorisJohnson/status/1201883790903136256
2019-12-03 14:16:00,BorisJohnson,,825,1140,5413,"9 days to go. 9 seats to a majority. Let’s get it done.",,,,1201867684469596166,https://twitter.com/BorisJohnson/status/1201867684469596166
2019-12-03 12:15:00,BorisJohnson,,485,456,1994,"The only way for us to move forward now is to get Brexit done.",,,,1201837233982099456,https://twitter.com/BorisJohnson/status/1201837233982099456
2019-12-03 10:30:00,BorisJohnson,,595,647,2959,"Let’s do this, together.",,,,1201810809594302464,https://twitter.com/BorisJohnson/status/1201810809594302464
2019-12-03 07:52:00,BorisJohnson,,1948,1609,7267,"When we get Brexit done, we can end free movement, strengthen our border security and invest in our NHS, schools and police.",,,,1201771047516688384,https://twitter.com/BorisJohnson/status/1201771047516688384
2019-12-03 07:30:08,BorisJohnson,,368,418,1900,"We will respect the result of the referendum and get Brexit done.",,,,1201765546217426945,https://twitter.com/BorisJohnson/status/1201765546217426945
2019-12-03 07:28:00,BorisJohnson,,383,403,1896,"We’ll get there folks. Vote Conservative on December 12th and we will get Brexit done.",,,,1201765007760990208,https://twitter.com/BorisJohnson/status/1201765007760990208
2019-12-03 07:23:00,BorisJohnson,,2255,1249,8721,"Let’s get Brexit done and get to work on the things that matter to you.",,,,1201763749423509504,https://twitter.com/BorisJohnson/status/1201763749423509504
2019-12-02 22:30:00,BorisJohnson,,3464,2433,13432,"We can’t afford another chaotic hung parliament – with Jeremy Corbyn in charge of nothing except more arguments. So let’s get Brexit done. Let’s get on with the country’s priorities and unleash the potential of the whole of the UK.",,,,1201629616244310016,https://twitter.com/BorisJohnson/status/1201629616244310016
2019-12-02 21:14:39,BorisJohnson,,992,925,4936,"We’ve got 10 days to go. Let’s get Brexit done ",,,,1201610652479045634,https://twitter.com/BorisJohnson/status/1201610652479045634
2019-12-02 16:53:27,BorisJohnson,,1219,2533,9304,"This is an awful, racist attack and should be condemned by all. My heart goes out to this Rabbi and the whole Jewish community. We stand with you against all forms of antisemitism.",,,,1201544920479260672,https://twitter.com/BorisJohnson/status/1201544920479260672
2019-12-02 15:03:33,BorisJohnson,,524,537,3430,"Today I, alongside other leaders, attended a service at Guildhall to remember those who tragically lost their lives in the attack on Friday.",,,,1201517263330914304,https://twitter.com/BorisJohnson/status/1201517263330914304
2019-12-02 14:03:00,BorisJohnson,,899,864,3371,"Parliament has blocked and delayed Brexit for years. Now we have a chance to break the deadlock and get this thing done. Vote Conservative on December 12th.",,,,1201502025072013314,https://twitter.com/BorisJohnson/status/1201502025072013314
2019-12-02 13:18:00,BorisJohnson,,1585,746,2770,"We’re having this election because Parliament couldn’t get anything done. A majority Conservative government will get Brexit done and take back control of our borders, so that dangerous criminals can no longer exploit free movement.",,,,1201490700346351616,https://twitter.com/BorisJohnson/status/1201490700346351616
2019-12-02 12:17:00,BorisJohnson,,777,807,3210,"We have 10 days to get this done. Back me to get Brexit done by voting Conservative on December 12th.",,,,1201475349168738304,https://twitter.com/BorisJohnson/status/1201475349168738304
2019-12-02 11:30:00,BorisJohnson,,2592,2320,12287,"We’re having this election because Parliament could not get anything done. It was paralysed. It’s time for us to take decisive action and to get Brexit done, so that we can get Parliament working again on the issues that matter to you.",,,,1201463521818611713,https://twitter.com/BorisJohnson/status/1201463521818611713
2019-12-02 10:05:00,BorisJohnson,,1158,654,2965,"We must respect the result of the EU Referendum. Back me to get Brexit done by voting Conservative on December 12th.",,,,1201442130490580992,https://twitter.com/BorisJohnson/status/1201442130490580992
2019-12-02 09:45:00,BorisJohnson,,1295,1145,4359,"We’ve got the plan to get Brexit done and unleash Britain’s potential.",,,,1201437097296568320,https://twitter.com/BorisJohnson/status/1201437097296568320
2019-12-02 09:05:01,BorisJohnson,,573,567,2553,"Let’s get Brexit done, take back control of our borders and implement an Australian style, points-based immigration system.",,,,1201427034188201984,https://twitter.com/BorisJohnson/status/1201427034188201984
2019-12-02 07:30:00,BorisJohnson,,767,1002,4845,"When we leave the EU we can take back control of our borders.",,,,1201403123413245953,https://twitter.com/BorisJohnson/status/1201403123413245953
2019-12-01 17:36:17,BorisJohnson,,1112,961,4905,"It’s time for our country to move forward.",,,,1201193313824583684,https://twitter.com/BorisJohnson/status/1201193313824583684
2019-12-01 13:08:55,BorisJohnson,,1559,2055,8819,"We will end the automatic early release system for serious and violent offenders so they serve their full term in prison.",,,,1201126028481040385,https://twitter.com/BorisJohnson/status/1201126028481040385
2019-12-01 09:43:12,BorisJohnson,,940,985,3532,"Those changes meant that although four senior judges considered that Khan was dangerous, he was to be automatically released half-way through because of Labour’s 2008 law. That is why we are determined to change this & ensure dangerous terrorists serve their full sentence (16/16)",,,,1201074258639818752,https://twitter.com/BorisJohnson/status/1201074258639818752
2019-12-01 09:43:12,BorisJohnson,,123,483,1683,"Nowhere in the judgment did Lord Justice Leveson suggest that Khan’s release would have been subject to the Parole Board approval. Indeed, Lord Justice Leveson did not have the power to require that because of how Labour changed the law in 2008 (15/16)",,,,1201074257440256000,https://twitter.com/BorisJohnson/status/1201074257440256000
2019-12-01 09:43:12,BorisJohnson,,68,252,750,"A number of people have pointed out that the judgment of the Court of Appeal makes a reference to the Parole Board. If you look at the whole quote it’s clear Lord Justice Leveson is not even talking about Khan (14/16)",,,,1201074255712137216,https://twitter.com/BorisJohnson/status/1201074255712137216
2019-12-01 09:43:10,BorisJohnson,,79,383,1018,"Unfortunately, Khan could not be sentenced under the EDS scheme because it was not yet in force in December 2010 when he committed the offence. Had Labour not changed the law in 2008 Khan would not have been automatically released in December 2018 (13/16)",,,,1201074248669974528,https://twitter.com/BorisJohnson/status/1201074248669974528
2019-12-01 09:43:10,BorisJohnson,,55,255,801,"If Khan had been sentenced under the new EDS scheme there would have been no automatic early release and he would only have been able to ask for Parole Board consideration at 2/3rds of his sentence. Under this system, he could not have been released before Mid 2021. (12/16)",,,,1201074247550078976,https://twitter.com/BorisJohnson/status/1201074247550078976
2019-12-01 09:43:09,BorisJohnson,,55,269,837,"Had the 2008 changes to the law not been made he would not have been eligible for automatic early release, instead the Parole Board would have had to decide whether he was safe to be released (11/16)",,,,1201074246417563648,https://twitter.com/BorisJohnson/status/1201074246417563648
2019-12-01 09:43:09,BorisJohnson,,82,365,899,"Khan was sentenced under Labour’s old regime. Therefore, he was to be automatically released after serving only half of his sentence (i.e. 8 years). Given time on remand, this meant he was released in December 2018 (10/16)",,,,1201074245364785152,https://twitter.com/BorisJohnson/status/1201074245364785152
2019-12-01 09:43:09,BorisJohnson,,42,218,703,"However, since the judges still considered him to be dangerous he got an EPP. The Court of Appeal could not have given him an EDS because these were not in force when he committed the offence in December 2010 (9/16).",,,,1201074244219740160,https://twitter.com/BorisJohnson/status/1201074244219740160
2019-12-01 09:43:09,BorisJohnson,,53,252,761,"This means Khan would be detained indefinitely after he has served the minimum term unless the Parole Board considered him safe. Khan appealed. The Court of Appeal agreed that he was dangerous but felt that his crime was not serious enough to warrant an IPP (8/16)",,,,1201074243011780608,https://twitter.com/BorisJohnson/status/1201074243011780608
2019-12-01 09:43:08,BorisJohnson,,60,246,761,"Khan was sentenced by the Crown Court on 9th February 2012. He was considered dangerous by the Judge and so the two possible options available at the time were IPP or Post 2008 EPP. The judge opted for IPP with a minimum term of 8 years (7/16)",,,,1201074241875140608,https://twitter.com/BorisJohnson/status/1201074241875140608
2019-12-01 09:43:08,BorisJohnson,,60,259,735,"The Prison Reform Trust has a helpful summary of how the EPP scheme changed in 2008 http://www.prisonreformtrust.org.uk/Portals/0/Extended%20sentences%20information%20sheet.pdf (6/16)",,,,1201074239626981376,https://twitter.com/BorisJohnson/status/1201074239626981376
2019-12-01 09:43:06,BorisJohnson,,127,575,1152,"In 2008 Labour introduced the Criminal Justice and Immigration Act 2008. This removed the requirement of Parole Board approval. This meant that, for EPPs after 2008, release would be automatic at the halfway point - no matter how dangerous the criminal (5/16)",,,,1201074232953856000,https://twitter.com/BorisJohnson/status/1201074232953856000
2019-12-01 09:43:05,BorisJohnson,,57,212,709,"An EPP has two elements: a custodial part and an extended licence period. When EPPs were brought in by the Criminal Justice Act 2003, there was no automatic early release during the custodial part - see s. 247(2)(b) of the original act (4/16)",,,,1201074226381434880,https://twitter.com/BorisJohnson/status/1201074226381434880
2019-12-01 09:43:03,BorisJohnson,,59,198,745,"All those regimes have in common is the fact that they apply if the Judge considers the offender to be dangerous (3/16)",,,,1201074220052230145,https://twitter.com/BorisJohnson/status/1201074220052230145
2019-12-01 09:43:03,BorisJohnson,,152,248,867,"There are 4 distinct sentencing legal regimes that have been confused in this case: Indefinite Sentences for Public Protection (IPP); Pre-08 Extended Sentences for Public Protection (DPP); Post-08 EPPs & Extended Determinate Sentences (EDS) which came into force in Dec 12 (2/16)",,,,1201074218869383168,https://twitter.com/BorisJohnson/status/1201074218869383168
2019-12-01 09:43:03,BorisJohnson,,3455,2322,6989,"The terrible Khan case has highlighted a complicated area of law. There have been many inaccuracies reported about this case over the last 24 hours. Here are the details (1/16)",,,,1201074217632047105,https://twitter.com/BorisJohnson/status/1201074217632047105
2019-12-01 08:50:14,BorisJohnson,,1991,2740,12760,"We will keep violent offenders and terrorists in jail longer and end the automatic early release system.",,,,1201060925995913216,https://twitter.com/BorisJohnson/status/1201060925995913216
